N,Sigma_error_percent,L2_error_mV
5.100000000000000000e+01,3.684579013809415216e+01,2.703533020019689981e-01
1.010000000000000000e+02,1.393641496562491788e+01,7.487867877008386186e-02
2.010000000000000000e+02,3.945025696048661157e+00,1.838507612195300345e-02
4.010000000000000000e+02,1.001672406064029630e+00,4.557788677576031858e-03
8.010000000000000000e+02,2.483210500364844975e-01,1.121787211813337660e-03
1.601000000000000000e+03,6.167051326351653817e-02,2.627488938853900094e-04
3.201000000000000000e+03,1.535697608418618368e-02,6.106041836622720198e-05
6.401000000000000000e+03,3.720408953708546733e-03,4.271797250609149645e-05
