N,dx_nm,L2_error_mV,Relative_L2_percent,Linf_error_mV,convergence_order
51,1.0000,0.0421404,0.397433,0.132364,--
101,0.5000,0.0109437,0.109839,0.0343637,1.97
201,0.2500,0.00276663,0.0286787,0.0086795,2.00
401,0.1250,0.000694195,0.00731507,0.00217803,2.00
801,0.0625,0.000174378,0.00185278,0.000544859,2.00
1601,0.0312,4.6033e-05,0.000491139,0.000136237,1.92
