N,dx_nm,L2_error_mV,Relative_L2_percent,Linf_error_mV,convergence_order
51,2.0000,0.106395,1.25308,0.470012,--
101,1.0000,0.0299449,0.397433,0.132364,1.86
201,0.5000,0.00775762,0.109839,0.0343637,1.96
401,0.2500,0.00195871,0.0286782,0.0086795,1.99
801,0.1250,0.000491058,0.0073133,0.00217803,2.00
1601,0.0625,0.00012287,0.00184568,0.000544859,2.00
